ID,Name,Age,City,Salary
1,John Doe,28,New York,70000
2,Jane Smith,35,Chicago,80000
3,Michael Johnson,42,San Francisco,90000
4,Emily Brown,30,Los Angeles,75000
5,David Lee,25,Houston,60000
6,Sarah Wilson,39,Boston,85000
7,James Taylor,32,Seattle,78000
8,Lisa Davis,29,Dallas,72000
9,Ryan Martinez,36,Atlanta,82000
10,Amanda Miller,31,Miami,77000
11,Robert Thompson,27,Denver,69000
12,Michelle Garcia,40,Phoenix,92000
13,William Hernandez,34,Detroit,79000
14,Laura Lopez,26,Minneapolis,68000
15,Christopher Perez,38,San Diego,86000
16,Mary Gonzalez,33,Tampa,80000
17,Matthew Rodriguez,29,Philadelphia,73000
18,Jennifer Wilson,37,Baltimore,81000
19,Daniel Moore,24,Pittsburgh,65000
20,Kimberly Taylor,41,Portland,88000
21,Joshua Thomas,28,Sacramento,71000
22,Ashley Anderson,35,Cleveland,82000
23,Joseph White,30,Charlotte,75000
24,Amanda Hall,43,Indianapolis,91000
25,Jason Martinez,32,Orlando,77000
26,Megan Clark,29,Austin,72000
27,Brian King,36,St. Louis,83000
28,Stephanie Lewis,31,Kansas City,78000
29,Justin Walker,26,San Jose,69000
30,Emily Perez,39,Oklahoma City,84000
31,Andrew Scott,27,Memphis,71000
32,Samantha Green,34,Salt Lake City,79000
33,Nicholas Hill,25,Milwaukee,68000
34,Katherine Baker,42,Tucson,90000
35,Benjamin Gonzalez,33,New Orleans,80000
36,Heather Ramirez,30,San Antonio,76000
37,Timothy Carter,37,Las Vegas,82000
38,Amy Murphy,24,Fort Worth,67000
39,Richard Rivera,41,Santa Fe,88000
40,Angela Torres,28,Albuquerque,71000
41,Mark Wright,35,Boise,83000
42,Rebecca Hall,32,Honolulu,79000
43,Jonathan Mitchell,29,Raleigh,73000
44,Christina Young,36,Anchorage,84000
45,Patrick Lewis,31,Birmingham,78000
46,Ashley Perez,38,Louisville,86000
47,Alexander Wright,27,Des Moines,70000
48,Natalie Martinez,34,Fresno,81000
49,Daniel Collins,25,Richmond,69000
50,Elizabeth Nelson,39,Charleston,87000
51,Joshua Rivera,26,Savannah,72000
52,Sarah Martin,43,Portland,90000
53,Michael Baker,29,Omaha,74000
54,Laura Cook,31,Lexington,76000
55,Christopher Young,35,Bozeman,83000
56,Jessica Brooks,28,Providence,70000
57,David Torres,33,Burlington,80000
58,Amanda Turner,30,Annapolis,75000
59,Steven Reed,37,Dover,82000
